"SourceFile","ID","CreateDate","Duration","LatitudeDD","LongitudeDD","sDuration","Year","Month","Day","Hour","URL","Working"
"meta-0jaHRfXYTxdk.json","0jaHRfXYTxdk","2021:01:06 18:35:42","0:00:41",38.8899,-77.0106,41,2021,1,6,18,"https://video.parler.com/0j/aH/0jaHRfXYTxdk.mp4",TRUE
"meta-0P57ekyl4BgA.json","0P57ekyl4BgA","2021:01:06 21:01:23","28.52 s",38.8859,-77.0076,28.52,2021,1,6,21,"https://video.parler.com/0P/57/0P57ekyl4BgA.mp4",TRUE
"meta-0pHHD2IPnGI5.json","0pHHD2IPnGI5","2021:01:06 16:18:12","0:00:36",38.8922,-77.0365,36,2021,1,6,16,"https://video.parler.com/0p/HH/0pHHD2IPnGI5.mp4",TRUE
"meta-17mewAmmdqm8.json","17mewAmmdqm8","2021:01:06 18:45:57","14.42 s",38.8977,-77.0334,14.42,2021,1,6,18,"https://video.parler.com/17/me/17mewAmmdqm8.mp4",TRUE
"meta-1hITmFMmXf5t.json","1hITmFMmXf5t","2021:01:06 15:28:05","17.13 s",38.8919,-77.0333,17.13,2021,1,6,15,"https://video.parler.com/1h/IT/1hITmFMmXf5t.mp4",TRUE
"meta-1Ta9ZdFfiNrZ.json","1Ta9ZdFfiNrZ","2021:01:06 22:04:21","0:02:36",38.8899,-77.0106,156,2021,1,6,22,"https://video.parler.com/1T/a9/1Ta9ZdFfiNrZ.mp4",TRUE
"meta-1Zvr7Xtfv0Yt.json","1Zvr7Xtfv0Yt","2021:01:06 22:05:04","6.41 s",38.8898,-77.0103,6.41,2021,1,6,22,"https://video.parler.com/1Z/vr/1Zvr7Xtfv0Yt.mp4",TRUE
"meta-2fqpw5l9SeIl.json","2fqpw5l9SeIl","2021:01:06 12:51:45","24.99 s",38.8921,-77.0368,24.99,2021,1,6,12,"https://video.parler.com/2f/qp/2fqpw5l9SeIl.mp4",TRUE
"meta-2hmWsS7hbKrk.json","2hmWsS7hbKrk","2021:01:06 20:42:56","0:00:45",38.892,-77.0162,45,2021,1,6,20,"https://video.parler.com/2h/mW/2hmWsS7hbKrk.mp4",TRUE
"meta-2pXy1CcaE27O.json","2pXy1CcaE27O","2021:01:06 18:40:03","0:00:58",38.8893,-77.0221,58,2021,1,6,18,"https://video.parler.com/2p/Xy/2pXy1CcaE27O.mp4",TRUE
"meta-2XwJn0Iqphrc.json","2XwJn0Iqphrc","2021:01:06 20:13:02","20.97 s",38.891,-77.0093,20.97,2021,1,6,20,"https://video.parler.com/2X/wJ/2XwJn0Iqphrc.mp4",TRUE
"meta-2ydAnxMmbVs2.json","2ydAnxMmbVs2","2021:01:06 19:41:47","9.36 s",38.8894,-77.0116,9.36,2021,1,6,19,"https://video.parler.com/2y/dA/2ydAnxMmbVs2.mp4",TRUE
"meta-3cAKUWJfxeJH.json","3cAKUWJfxeJH","2021:01:06 12:55:26","0:00:55",38.8966,-77.0335,55,2021,1,6,12,"https://video.parler.com/3c/AK/3cAKUWJfxeJH.mp4",TRUE
"meta-3PkLpHaNWWeH.json","3PkLpHaNWWeH","2021:01:06 21:51:06","0:00:45",38.8899,-77.0104,45,2021,1,6,21,"https://video.parler.com/3P/kL/3PkLpHaNWWeH.mp4",TRUE
"meta-3ZXOHhUdKlYd.json","3ZXOHhUdKlYd","2021:01:06 19:51:30","0:00:50",38.8899,-77.01,50,2021,1,6,19,"https://video.parler.com/3Z/XO/3ZXOHhUdKlYd.mp4",TRUE
"meta-49N6wcN2AIni.json","49N6wcN2AIni","2021:01:06 18:33:12","25.96 s",38.8912,-77.0132,25.96,2021,1,6,18,"https://video.parler.com/49/N6/49N6wcN2AIni.mp4",TRUE
"meta-4AquVMy2oe6C.json","4AquVMy2oe6C","2021:01:06 18:52:20","18.71 s",38.8901,-77.0103,18.71,2021,1,6,18,"https://video.parler.com/4A/qu/4AquVMy2oe6C.mp4",TRUE
"meta-4BN8CUCRxXuI.json","4BN8CUCRxXuI","2021:01:06 19:52:10","15.38 s",38.8902,-77.0103,15.38,2021,1,6,19,"https://video.parler.com/4B/N8/4BN8CUCRxXuI.mp4",TRUE
"meta-4wIDySD7tKxo.json","4wIDySD7tKxo","2021:01:06 19:30:48","0:00:41",38.8899,-77.0089,41,2021,1,6,19,"https://video.parler.com/4w/ID/4wIDySD7tKxo.mp4",TRUE
"meta-50d3X1juOHK8.json","50d3X1juOHK8","2021:01:06 20:23:05","12.21 s",38.8919,-77.0136,12.21,2021,1,6,20,"https://video.parler.com/50/d3/50d3X1juOHK8.mp4",TRUE
"meta-535LGMMm0KtE.json","535LGMMm0KtE","2021:01:06 19:35:28","0:00:54",38.8912,-77.0064,54,2021,1,6,19,"https://video.parler.com/53/5L/535LGMMm0KtE.mp4",TRUE
"meta-55IZysHw38wO.json","55IZysHw38wO","2021:01:06 20:02:11","22.20 s",38.8899,-77.0101,22.2,2021,1,6,20,"https://video.parler.com/55/IZ/55IZysHw38wO.mp4",TRUE
"meta-5GIdUYtOQZvC.json","5GIdUYtOQZvC","2021:01:06 17:29:06","0:00:48",38.8912,-77.0341,48,2021,1,6,17,"https://video.parler.com/5G/Id/5GIdUYtOQZvC.mp4",TRUE
"meta-5kf2savkefB7.json","5kf2savkefB7","2021:01:06 19:36:20","15.46 s",38.8898,-77.0085,15.46,2021,1,6,19,"https://video.parler.com/5k/f2/5kf2savkefB7.mp4",TRUE
"meta-5lmXbMBh57vI.json","5lmXbMBh57vI","2021:01:06 19:50:58","26.65 s",38.8894,-77.011,26.65,2021,1,6,19,"https://video.parler.com/5l/mX/5lmXbMBh57vI.mp4",TRUE
"meta-63ExNlmUp31h.json","63ExNlmUp31h","2021:01:06 18:10:41","0:01:10",38.8936,-77.0367,70,2021,1,6,18,"https://video.parler.com/63/Ex/63ExNlmUp31h.mp4",TRUE
"meta-64mhsecOOjLa.json","64mhsecOOjLa","2021:01:06 23:34:27","0:00:33",38.8962,-77.0321,33,2021,1,6,23,"https://video.parler.com/64/mh/64mhsecOOjLa.mp4",TRUE
"meta-6FY6c0d8IMjz.json","6FY6c0d8IMjz","2021:01:06 19:28:31","18.01 s",38.8897,-77.0103,18.01,2021,1,6,19,"https://video.parler.com/6F/Y6/6FY6c0d8IMjz.mp4",TRUE
"meta-6JbG6I0FrJhn.json","6JbG6I0FrJhn","2021:01:06 23:15:26","0:01:48",38.8898,-77.0103,108,2021,1,6,23,"https://video.parler.com/6J/bG/6JbG6I0FrJhn.mp4",TRUE
"meta-6VYEdaOOP3hD.json","6VYEdaOOP3hD","2021:01:06 20:21:40","7.86 s",38.8895,-77.0104,7.86,2021,1,6,20,"https://video.parler.com/6V/YE/6VYEdaOOP3hD.mp4",TRUE
"meta-6X2ZhStzVa3k.json","6X2ZhStzVa3k","2021:01:06 21:42:32","0:09:07",38.8926,-77.0266,547,2021,1,6,21,"https://video.parler.com/6X/2Z/6X2ZhStzVa3k.mp4",TRUE
"meta-7fckI1220tbu.json","7fckI1220tbu","2021:01:06 18:19:23","0:00:57",38.89,-77.0103,57,2021,1,6,18,"https://video.parler.com/7f/ck/7fckI1220tbu.mp4",TRUE
"meta-7Fu9YJVZmNkj.json","7Fu9YJVZmNkj","2021:01:06 19:24:58","28.74 s",38.8906,-77.0123,28.74,2021,1,6,19,"https://video.parler.com/7F/u9/7Fu9YJVZmNkj.mp4",TRUE
"meta-7ImZGTdfdcUk.json","7ImZGTdfdcUk","2021:01:06 20:10:24","18.61 s",38.8898,-77.01,18.61,2021,1,6,20,"https://video.parler.com/7I/mZ/7ImZGTdfdcUk.mp4",TRUE
"meta-7lZbNvTpYzCg.json","7lZbNvTpYzCg","2021:01:06 13:19:12","12.68 s",38.8891,-77.0368,12.68,2021,1,6,13,"https://video.parler.com/7l/Zb/7lZbNvTpYzCg.mp4",TRUE
"meta-7n9O8ZT8uXvQ.json","7n9O8ZT8uXvQ","2021:01:06 19:16:54","0:00:32",38.8899,-77.0109,32,2021,1,6,19,"https://video.parler.com/7n/9O/7n9O8ZT8uXvQ.mp4",TRUE
"meta-7WJTCduTUKpl.json","7WJTCduTUKpl","2021:01:06 20:21:40","7.86 s",38.8895,-77.0104,7.86,2021,1,6,20,"https://video.parler.com/7W/JT/7WJTCduTUKpl.mp4",TRUE
"meta-8c4mOel34hEc.json","8c4mOel34hEc","2021:01:06 13:40:32","0:00:53",38.8922,-77.0375,53,2021,1,6,13,"https://video.parler.com/8c/4m/8c4mOel34hEc.mp4",TRUE
"meta-8fsC1EfPO70k.json","8fsC1EfPO70k","2021:01:06 19:38:18","15.11 s",38.8898,-77.0082,15.11,2021,1,6,19,"https://video.parler.com/8f/sC/8fsC1EfPO70k.mp4",TRUE
"meta-8L4mcsc4jEmg.json","8L4mcsc4jEmg","2021:01:06 01:48:19","0:00:48",38.903,-77.0364,48,2021,1,6,1,"https://video.parler.com/8L/4m/8L4mcsc4jEmg.mp4",TRUE
"meta-8vAuY7nxkr6M.json","8vAuY7nxkr6M","2021:01:06 22:39:30","14.73 s",38.8905,-77.0121,14.73,2021,1,6,22,"https://video.parler.com/8v/Au/8vAuY7nxkr6M.mp4",TRUE
"meta-8YA6CeYMxHh4.json","8YA6CeYMxHh4","2021:01:06 17:07:48","13.88 s",38.8922,-77.0352,13.88,2021,1,6,17,"https://video.parler.com/8Y/A6/8YA6CeYMxHh4.mp4",TRUE
"meta-8ziKp2FKa3Sb.json","8ziKp2FKa3Sb","2021:01:06 22:10:57","0:02:03",38.8897,-77.0103,123,2021,1,6,22,"https://video.parler.com/8z/iK/8ziKp2FKa3Sb.mp4",TRUE
"meta-99Z6yIaTknNG.json","99Z6yIaTknNG","2021:01:06 21:13:55","7.87 s",38.8896,-77.0103,7.87,2021,1,6,21,"https://video.parler.com/99/Z6/99Z6yIaTknNG.mp4",TRUE
"meta-9bJLFfPeZlk8.json","9bJLFfPeZlk8","2021:01:06 19:45:42","0:01:32",38.8897,-77.0104,92,2021,1,6,19,"https://video.parler.com/9b/JL/9bJLFfPeZlk8.mp4",TRUE
"meta-A1kOgSwRYI8P.json","A1kOgSwRYI8P","2021:01:06 18:34:51","0:01:01",38.8909,-77.0127,61,2021,1,6,18,"https://video.parler.com/A1/kO/A1kOgSwRYI8P.mp4",TRUE
"meta-a40TwAVzrZK8.json","a40TwAVzrZK8","2021:01:06 22:02:30","0:02:19",38.9111,-77.0329,139,2021,1,6,22,"https://video.parler.com/a4/0T/a40TwAVzrZK8.mp4",TRUE
"meta-a6R6xt7VEDuE.json","a6R6xt7VEDuE","2021:01:06 15:43:50","0:01:30",38.8922,-77.035,90,2021,1,6,15,"https://video.parler.com/a6/R6/a6R6xt7VEDuE.mp4",TRUE
"meta-aBf5G5aaPDj9.json","aBf5G5aaPDj9","2021:01:06 16:05:15","0:01:03",38.8906,-77.036,63,2021,1,6,16,"https://video.parler.com/aB/f5/aBf5G5aaPDj9.mp4",TRUE
"meta-aDNmvpzKl90o.json","aDNmvpzKl90o","2021:01:06 01:03:29","0:02:32",38.8962,-77.0318,152,2021,1,6,1,"https://video.parler.com/aD/Nm/aDNmvpzKl90o.mp4",TRUE
"meta-adtV4zbkXr5x.json","adtV4zbkXr5x","2021:01:06 18:55:26","5.60 s",38.8902,-77.0104,5.6,2021,1,6,18,"https://video.parler.com/ad/tV/adtV4zbkXr5x.mp4",TRUE
"meta-ai8AzhEoyrGX.json","ai8AzhEoyrGX","2021:01:06 19:35:43","20.80 s",38.8891,-77.0058,20.8,2021,1,6,19,"https://video.parler.com/ai/8A/ai8AzhEoyrGX.mp4",TRUE
"meta-AmVOZeAY7tjF.json","AmVOZeAY7tjF","2021:01:06 20:01:50","0:00:59",38.8896,-77.0108,59,2021,1,6,20,"https://video.parler.com/Am/VO/AmVOZeAY7tjF.mp4",TRUE
"meta-ATHRnnmNpayv.json","ATHRnnmNpayv","2021:01:06 20:25:42","27.23 s",38.8907,-77.0084,27.23,2021,1,6,20,"https://video.parler.com/AT/HR/ATHRnnmNpayv.mp4",TRUE
"meta-AwME4HLA6vtW.json","AwME4HLA6vtW","2021:01:06 20:52:29","19.86 s",38.8905,-77.009,19.86,2021,1,6,20,"https://video.parler.com/Aw/ME/AwME4HLA6vtW.mp4",TRUE
"meta-AwZ6iEJ07eyx.json","AwZ6iEJ07eyx","2021:01:06 19:42:55","0:00:43",38.8904,-77.0128,43,2021,1,6,19,"https://video.parler.com/Aw/Z6/AwZ6iEJ07eyx.mp4",TRUE
"meta-aYhh5zOFFNcR.json","aYhh5zOFFNcR","2021:01:06 19:21:01","23.23 s",38.892,-77.0116,23.23,2021,1,6,19,"https://video.parler.com/aY/hh/aYhh5zOFFNcR.mp4",TRUE
"meta-AYijYnzI0Gbr.json","AYijYnzI0Gbr","2021:01:06 19:29:38","0:00:49",38.8899,-77.0072,49,2021,1,6,19,"https://video.parler.com/AY/ij/AYijYnzI0Gbr.mp4",TRUE
"meta-AzVSx3ypAHRi.json","AzVSx3ypAHRi","2021:01:06 14:15:20","0:01:39",38.8915,-77.0363,99,2021,1,6,14,"https://video.parler.com/Az/VS/AzVSx3ypAHRi.mp4",TRUE
"meta-b0gyazQqn9kx.json","b0gyazQqn9kx","2021:01:06 19:06:45","19.25 s",38.8897,-77.011,19.25,2021,1,6,19,"https://video.parler.com/b0/gy/b0gyazQqn9kx.mp4",TRUE
"meta-b0s87hxTGufb.json","b0s87hxTGufb","2021:01:06 17:55:17","16.31 s",38.8912,-77.0132,16.31,2021,1,6,17,"https://video.parler.com/b0/s8/b0s87hxTGufb.mp4",TRUE
"meta-b5lCVIHnrm2q.json","b5lCVIHnrm2q","2021:01:06 19:11:46","0:00:41",38.89,-77.0104,41,2021,1,6,19,"https://video.parler.com/b5/lC/b5lCVIHnrm2q.mp4",TRUE
"meta-B7yh3YgnbcFT.json","B7yh3YgnbcFT","2021:01:06 21:07:42","13.23 s",38.89,-77.0106,13.23,2021,1,6,21,"https://video.parler.com/B7/yh/B7yh3YgnbcFT.mp4",TRUE
"meta-bCkOoiJFTH0C.json","bCkOoiJFTH0C","2021:01:06 15:36:40","25.05 s",38.8942,-77.0334,25.05,2021,1,6,15,"https://video.parler.com/bC/kO/bCkOoiJFTH0C.mp4",TRUE
"meta-BKSLTTzLt0u2.json","BKSLTTzLt0u2","2021:01:06 16:55:10","0:00:43",38.8912,-77.0363,43,2021,1,6,16,"https://video.parler.com/BK/SL/BKSLTTzLt0u2.mp4",TRUE
"meta-BnoDFbldwdly.json","BnoDFbldwdly","2021:01:06 20:10:22","25.39 s",38.8899,-77.0103,25.39,2021,1,6,20,"https://video.parler.com/Bn/oD/BnoDFbldwdly.mp4",TRUE
"meta-BQ97NR3FGlWY.json","BQ97NR3FGlWY","2021:01:06 21:01:23","28.52 s",38.8859,-77.0076,28.52,2021,1,6,21,"https://video.parler.com/BQ/97/BQ97NR3FGlWY.mp4",TRUE
"meta-bqc61J4Nsg9a.json","bqc61J4Nsg9a","2021:01:06 18:34:10","23.82 s",38.9016,-77.0386,23.82,2021,1,6,18,"https://video.parler.com/bq/c6/bqc61J4Nsg9a.mp4",TRUE
"meta-BVo7j7cX5sF9.json","BVo7j7cX5sF9","2021:01:06 15:32:59","0:00:54",38.8917,-77.0367,54,2021,1,6,15,"https://video.parler.com/BV/o7/BVo7j7cX5sF9.mp4",TRUE
"meta-bVPcTXidhYjP.json","bVPcTXidhYjP","2021:01:06 22:07:39","0:00:31",38.8896,-77.0102,31,2021,1,6,22,"https://video.parler.com/bV/Pc/bVPcTXidhYjP.mp4",TRUE
"meta-BziLuY5elmb1.json","BziLuY5elmb1","2021:01:06 04:44:08","16.45 s",38.9013,-77.0365,16.45,2021,1,6,4,"https://video.parler.com/Bz/iL/BziLuY5elmb1.mp4",TRUE
"meta-c0nIoRasIm5z.json","c0nIoRasIm5z","2021:01:06 20:42:18","24.67 s",38.8898,-77.0083,24.67,2021,1,6,20,"https://video.parler.com/c0/nI/c0nIoRasIm5z.mp4",TRUE
"meta-C4IM4xTcxLWH.json","C4IM4xTcxLWH","2021:01:06 18:40:26","26.35 s",38.8899,-77.0109,26.35,2021,1,6,18,"https://video.parler.com/C4/IM/C4IM4xTcxLWH.mp4",TRUE
"meta-c8OcZF1R9C8W.json","c8OcZF1R9C8W","2021:01:06 18:20:07","22.50 s",38.8916,-77.0183,22.5,2021,1,6,18,"https://video.parler.com/c8/Oc/c8OcZF1R9C8W.mp4",TRUE
"meta-CBjQ5bkcprs4.json","CBjQ5bkcprs4","2021:01:06 19:24:58","0:00:34",38.8916,-77.0125,34,2021,1,6,19,"https://video.parler.com/CB/jQ/CBjQ5bkcprs4.mp4",TRUE
"meta-cDQaoCt4Nqsr.json","cDQaoCt4Nqsr","2021:01:06 22:08:15","0:04:15",38.8893,-77.0172,255,2021,1,6,22,"https://video.parler.com/cD/Qa/cDQaoCt4Nqsr.mp4",TRUE
"meta-CE7LhOl22vJ9.json","CE7LhOl22vJ9","2021:01:06 19:06:28","14.33 s",38.89,-77.0076,14.33,2021,1,6,19,"https://video.parler.com/CE/7L/CE7LhOl22vJ9.mp4",TRUE
"meta-Cg3gG8trkats.json","Cg3gG8trkats","2021:01:06 19:42:21","0:00:32",38.89,-77.0075,32,2021,1,6,19,"https://video.parler.com/Cg/3g/Cg3gG8trkats.mp4",TRUE
"meta-CgZxY8PDNM9m.json","CgZxY8PDNM9m","2021:01:06 21:00:10","0:01:02",38.8899,-77.0103,62,2021,1,6,21,"https://video.parler.com/Cg/Zx/CgZxY8PDNM9m.mp4",TRUE
"meta-CjBp5eYn9SIM.json","CjBp5eYn9SIM","2021:01:06 17:00:04","12.47 s",38.8937,-77.0367,12.47,2021,1,6,17,"https://video.parler.com/Cj/Bp/CjBp5eYn9SIM.mp4",TRUE
"meta-cJtt6jzaEVsY.json","cJtt6jzaEVsY","2021:01:06 18:55:09","13.26 s",38.892,-77.023,13.26,2021,1,6,18,"https://video.parler.com/cJ/tt/cJtt6jzaEVsY.mp4",TRUE
"meta-CKSVgexBTTpn.json","CKSVgexBTTpn","2021:01:06 18:21:56","18.68 s",38.8898,-77.0108,18.68,2021,1,6,18,"https://video.parler.com/CK/SV/CKSVgexBTTpn.mp4",TRUE
"meta-ckvcLvKYv4cd.json","ckvcLvKYv4cd","2021:01:06 20:10:24","18.61 s",38.8898,-77.01,18.61,2021,1,6,20,"https://video.parler.com/ck/vc/ckvcLvKYv4cd.mp4",TRUE
"meta-cmzbWnPI5Jgs.json","cmzbWnPI5Jgs","2021:01:06 19:09:54","0:04:31",38.8901,-77.0108,271,2021,1,6,19,"https://video.parler.com/cm/zb/cmzbWnPI5Jgs.mp4",TRUE
"meta-cONvl0p08sMY.json","cONvl0p08sMY","2021:01:06 18:55:26","5.60 s",38.8902,-77.0104,5.6,2021,1,6,18,"https://video.parler.com/cO/Nv/cONvl0p08sMY.mp4",TRUE
"meta-CQtHtEEczheT.json","CQtHtEEczheT","2021:01:06 18:17:50","10.37 s",38.8915,-77.0152,10.37,2021,1,6,18,"https://video.parler.com/CQ/tH/CQtHtEEczheT.mp4",TRUE
"meta-CtpFcLr34Uql.json","CtpFcLr34Uql","2021:01:06 16:58:02","28.39 s",38.8917,-77.0356,28.39,2021,1,6,16,"https://video.parler.com/Ct/pF/CtpFcLr34Uql.mp4",TRUE
"meta-cwoMBUgoUj8T.json","cwoMBUgoUj8T","2021:01:06 23:02:25","23.87 s",38.8907,-77.012,23.87,2021,1,6,23,"https://video.parler.com/cw/oM/cwoMBUgoUj8T.mp4",TRUE
"meta-CxuimH5Nb5do.json","CxuimH5Nb5do","2021:01:06 17:47:37","0:00:33",38.8908,-77.0371,33,2021,1,6,17,"https://video.parler.com/Cx/ui/CxuimH5Nb5do.mp4",TRUE
"meta-D1hTLKXn3FIC.json","D1hTLKXn3FIC","2021:01:06 16:32:43","16.91 s",38.8921,-77.0368,16.91,2021,1,6,16,"https://video.parler.com/D1/hT/D1hTLKXn3FIC.mp4",TRUE
"meta-D1nBUG3Qu3sw.json","D1nBUG3Qu3sw","2021:01:06 21:06:51","25.10 s",38.8896,-77.0102,25.1,2021,1,6,21,"https://video.parler.com/D1/nB/D1nBUG3Qu3sw.mp4",TRUE
"meta-d1zM5ane4tm1.json","d1zM5ane4tm1","2021:01:06 14:05:02","5.43 s",38.892,-77.0355,5.43,2021,1,6,14,"https://video.parler.com/d1/zM/d1zM5ane4tm1.mp4",TRUE
"meta-d5Xmqp4NDLs6.json","d5Xmqp4NDLs6","2021:01:06 19:13:29","0:01:53",38.8902,-77.012,113,2021,1,6,19,"https://video.parler.com/d5/Xm/d5Xmqp4NDLs6.mp4",TRUE
"meta-dCrPCc3Hvnpm.json","dCrPCc3Hvnpm","2021:01:06 15:29:55","16.25 s",38.8912,-77.0373,16.25,2021,1,6,15,"https://video.parler.com/dC/rP/dCrPCc3Hvnpm.mp4",TRUE
"meta-dF2z7e7CkqqD.json","dF2z7e7CkqqD","2021:01:06 20:23:58","0:00:30",38.8895,-77.0101,30,2021,1,6,20,"https://video.parler.com/dF/2z/dF2z7e7CkqqD.mp4",TRUE
"meta-dH7rHe3d36Wo.json","dH7rHe3d36Wo","2021:01:06 20:10:24","18.61 s",38.8898,-77.01,18.61,2021,1,6,20,"https://video.parler.com/dH/7r/dH7rHe3d36Wo.mp4",TRUE
"meta-DIPqf1K2PJba.json","DIPqf1K2PJba","2021:01:06 21:11:12","0:01:30",38.8905,-77.0118,90,2021,1,6,21,"https://video.parler.com/DI/Pq/DIPqf1K2PJba.mp4",TRUE
"meta-DMtXYvwqu6HV.json","DMtXYvwqu6HV","2021:01:06 19:29:52","24.00 s",38.8904,-77.011,24,2021,1,6,19,"https://video.parler.com/DM/tX/DMtXYvwqu6HV.mp4",TRUE
"meta-Dr91Sy9JPaqz.json","Dr91Sy9JPaqz","2021:01:06 17:57:16","0:01:13",38.8904,-77.0119,73,2021,1,6,17,"https://video.parler.com/Dr/91/Dr91Sy9JPaqz.mp4",TRUE
"meta-Ds6ZUPblNzv4.json","Ds6ZUPblNzv4","2021:01:06 16:06:37","0:01:00",38.8922,-77.0365,60,2021,1,6,16,"https://video.parler.com/Ds/6Z/Ds6ZUPblNzv4.mp4",TRUE
"meta-dVipXMFYPp43.json","dVipXMFYPp43","2021:01:06 16:12:38","28.49 s",38.8931,-77.0337,28.49,2021,1,6,16,"https://video.parler.com/dV/ip/dVipXMFYPp43.mp4",TRUE
"meta-DWGQ3kX1t1bF.json","DWGQ3kX1t1bF","2021:01:06 19:46:27","0:00:32",38.89,-77.0099,32,2021,1,6,19,"https://video.parler.com/DW/GQ/DWGQ3kX1t1bF.mp4",TRUE
"meta-Dwx71JWXxoKv.json","Dwx71JWXxoKv","2021:01:06 22:18:53","0:04:53",38.8897,-77.0109,293,2021,1,6,22,"https://video.parler.com/Dw/x7/Dwx71JWXxoKv.mp4",TRUE
"meta-dyxOuy25PXw6.json","dyxOuy25PXw6","2021:01:06 20:20:29","12.04 s",38.89,-77.0098,12.04,2021,1,6,20,"https://video.parler.com/dy/xO/dyxOuy25PXw6.mp4",TRUE
"meta-dZmP6VGe68fE.json","dZmP6VGe68fE","2021:01:06 22:31:01","0:04:53",39.978,-76.8287,293,2021,1,6,22,"https://video.parler.com/dZ/mP/dZmP6VGe68fE.mp4",TRUE
"meta-dZY4EmEcSdUF.json","dZY4EmEcSdUF","2021:01:06 19:30:35","16.83 s",38.8895,-77.0116,16.83,2021,1,6,19,"https://video.parler.com/dZ/Y4/dZY4EmEcSdUF.mp4",TRUE
"meta-e6BtsS1j9zs8.json","e6BtsS1j9zs8","2021:01:06 15:40:15","0:00:53",38.892,-77.0351,53,2021,1,6,15,"https://video.parler.com/e6/Bt/e6BtsS1j9zs8.mp4",TRUE
"meta-e8PppkH5mMcT.json","e8PppkH5mMcT","2021:01:06 17:05:37","22.11 s",38.8924,-77.0349,22.11,2021,1,6,17,"https://video.parler.com/e8/Pp/e8PppkH5mMcT.mp4",TRUE
"meta-edx5l3yDUQ6B.json","edx5l3yDUQ6B","2021:01:06 19:54:55","22.69 s",38.8904,-77.0114,22.69,2021,1,6,19,"https://video.parler.com/ed/x5/edx5l3yDUQ6B.mp4",TRUE
"meta-eGOoR3I08FkK.json","eGOoR3I08FkK","2021:01:06 19:47:46","0:01:26",38.8902,-77.0107,86,2021,1,6,19,"https://video.parler.com/eG/Oo/eGOoR3I08FkK.mp4",TRUE
"meta-eGWFiGU2WtR8.json","eGWFiGU2WtR8","2021:01:06 18:07:29","0:04:43",38.8917,-77.0366,283,2021,1,6,18,"https://video.parler.com/eG/WF/eGWFiGU2WtR8.mp4",TRUE
"meta-ehioYC9DKqYv.json","ehioYC9DKqYv","2021:01:06 22:07:39","0:00:31",38.8896,-77.0102,31,2021,1,6,22,"https://video.parler.com/eh/io/ehioYC9DKqYv.mp4",TRUE
"meta-ehSae1O1C9pt.json","ehSae1O1C9pt","2021:01:06 20:23:05","12.21 s",38.8919,-77.0136,12.21,2021,1,6,20,"https://video.parler.com/eh/Sa/ehSae1O1C9pt.mp4",TRUE
"meta-EjkHpFX9ATgp.json","EjkHpFX9ATgp","2021:01:06 21:15:58","0:12:14",38.8892,-77.0095,734,2021,1,6,21,"https://video.parler.com/Ej/kH/EjkHpFX9ATgp.mp4",TRUE
"meta-eLSgf3w5r4PI.json","eLSgf3w5r4PI","2021:01:06 22:13:18","6.44 s",38.8902,-77.0104,6.44,2021,1,6,22,"https://video.parler.com/eL/Sg/eLSgf3w5r4PI.mp4",TRUE
"meta-EniSIqkMzJqV.json","EniSIqkMzJqV","2021:01:06 16:11:51","0:00:52",38.8916,-77.0362,52,2021,1,6,16,"https://video.parler.com/En/iS/EniSIqkMzJqV.mp4",TRUE
"meta-eQuAGfU87pPB.json","eQuAGfU87pPB","2021:01:06 19:29:52","24.00 s",38.8904,-77.011,24,2021,1,6,19,"https://video.parler.com/eQ/uA/eQuAGfU87pPB.mp4",TRUE
"meta-evguRVYcqPlB.json","evguRVYcqPlB","2021:01:06 13:40:29","29.26 s",38.8917,-77.0365,29.26,2021,1,6,13,"https://video.parler.com/ev/gu/evguRVYcqPlB.mp4",TRUE
"meta-fNodpDg9wS24.json","fNodpDg9wS24","2021:01:06 16:54:41","0:00:32",38.8921,-77.0344,32,2021,1,6,16,"https://video.parler.com/fN/od/fNodpDg9wS24.mp4",TRUE
"meta-fpdroYF3R9Fm.json","fpdroYF3R9Fm","2021:01:06 19:46:27","0:00:32",38.89,-77.0099,32,2021,1,6,19,"https://video.parler.com/fp/dr/fpdroYF3R9Fm.mp4",TRUE
"meta-FRPR3VqfBzIF.json","FRPR3VqfBzIF","2021:01:06 20:31:47","28.22 s",38.8902,-77.0098,28.22,2021,1,6,20,"https://video.parler.com/FR/PR/FRPR3VqfBzIF.mp4",TRUE
"meta-FsiTLLuzqPC5.json","FsiTLLuzqPC5","2021:01:06 19:45:02","0:00:41",38.8905,-77.0124,41,2021,1,6,19,"https://video.parler.com/Fs/iT/FsiTLLuzqPC5.mp4",TRUE
"meta-ftbEXsKvOCYn.json","ftbEXsKvOCYn","2021:01:06 13:40:37","0:00:47",38.892,-77.036,47,2021,1,6,13,"https://video.parler.com/ft/bE/ftbEXsKvOCYn.mp4",TRUE
"meta-g09yZZCplavI.json","g09yZZCplavI","2021:01:06 20:08:25","25.24 s",38.8899,-77.0091,25.24,2021,1,6,20,"https://video.parler.com/g0/9y/g09yZZCplavI.mp4",TRUE
"meta-G3QrHQ8hQT2j.json","G3QrHQ8hQT2j","2021:01:06 19:45:35","0:00:42",38.8895,-77.0104,42,2021,1,6,19,"https://video.parler.com/G3/Qr/G3QrHQ8hQT2j.mp4",TRUE
"meta-g5Yl8ERzrXxe.json","g5Yl8ERzrXxe","2021:01:06 19:12:48","10.24 s",38.8906,-77.0101,10.24,2021,1,6,19,"https://video.parler.com/g5/Yl/g5Yl8ERzrXxe.mp4",TRUE
"meta-G81yHTuMUvlX.json","G81yHTuMUvlX","2021:01:06 22:06:43","0:00:34",38.8897,-77.0104,34,2021,1,6,22,"https://video.parler.com/G8/1y/G81yHTuMUvlX.mp4",TRUE
"meta-gAVN0Q4njfwD.json","gAVN0Q4njfwD","2021:01:06 16:49:33","21.43 s",38.8814,-77.0684,21.43,2021,1,6,16,"https://video.parler.com/gA/VN/gAVN0Q4njfwD.mp4",TRUE
"meta-gB5saDDhwvz9.json","gB5saDDhwvz9","2021:01:06 15:02:13","14.26 s",38.8922,-77.0374,14.26,2021,1,6,15,"https://video.parler.com/gB/5s/gB5saDDhwvz9.mp4",TRUE
"meta-GDnybzI29aCx.json","GDnybzI29aCx","2021:01:06 19:09:50","0:00:44",38.8905,-77.0109,44,2021,1,6,19,"https://video.parler.com/GD/ny/GDnybzI29aCx.mp4",TRUE
"meta-GFrBbk68socZ.json","GFrBbk68socZ","2021:01:06 18:58:56","9.17 s",38.892,-77.017,9.17,2021,1,6,18,"https://video.parler.com/GF/rB/GFrBbk68socZ.mp4",TRUE
"meta-gj867lWsCvHv.json","gj867lWsCvHv","2021:01:06 18:39:20","16.00 s",38.8906,-77.012,16,2021,1,6,18,"https://video.parler.com/gj/86/gj867lWsCvHv.mp4",TRUE
"meta-GKDXRqh3021Z.json","GKDXRqh3021Z","2021:01:06 20:05:34","0:00:57",38.8862,-77.0101,57,2021,1,6,20,"https://video.parler.com/GK/DX/GKDXRqh3021Z.mp4",TRUE
"meta-GkusTNyuZZWu.json","GkusTNyuZZWu","2021:01:06 22:18:53","0:04:53",38.8897,-77.0109,293,2021,1,6,22,"https://video.parler.com/Gk/us/GkusTNyuZZWu.mp4",TRUE
"meta-goL0HLdYn3Pb.json","goL0HLdYn3Pb","2021:01:06 21:00:35","26.13 s",38.8901,-77.0099,26.13,2021,1,6,21,"https://video.parler.com/go/L0/goL0HLdYn3Pb.mp4",TRUE
"meta-H06oXU0HGpUM.json","H06oXU0HGpUM","2021:01:06 19:48:35","13.14 s",38.8911,-77.0093,13.14,2021,1,6,19,"https://video.parler.com/H0/6o/H06oXU0HGpUM.mp4",TRUE
"meta-h0ZpQjfbpkQL.json","h0ZpQjfbpkQL","2021:01:06 19:54:55","22.69 s",38.8904,-77.0114,22.69,2021,1,6,19,"https://video.parler.com/h0/Zp/h0ZpQjfbpkQL.mp4",TRUE
"meta-h2nH3xXOsrQ5.json","h2nH3xXOsrQ5","2021:01:06 19:52:10","15.38 s",38.8902,-77.0103,15.38,2021,1,6,19,"https://video.parler.com/h2/nH/h2nH3xXOsrQ5.mp4",TRUE
"meta-h3WFiY3EaDV4.json","h3WFiY3EaDV4","2021:01:06 18:43:57","0:01:01",38.8919,-77.0313,61,2021,1,6,18,"https://video.parler.com/h3/WF/h3WFiY3EaDV4.mp4",TRUE
"meta-h7o5lCy59fQJ.json","h7o5lCy59fQJ","2021:01:06 22:30:25","12.12 s",38.8908,-77.011,12.12,2021,1,6,22,"https://video.parler.com/h7/o5/h7o5lCy59fQJ.mp4",TRUE
"meta-h8BjMg20Fk7s.json","h8BjMg20Fk7s","2021:01:06 20:59:48","0:01:31",38.8899,-77.0103,91,2021,1,6,20,"https://video.parler.com/h8/Bj/h8BjMg20Fk7s.mp4",TRUE
"meta-Hcv3lzEsnWaa.json","Hcv3lzEsnWaa","2021:01:06 19:04:17","7.23 s",38.8909,-77.012,7.23,2021,1,6,19,"https://video.parler.com/Hc/v3/Hcv3lzEsnWaa.mp4",TRUE
"meta-hi0orAgffuhA.json","hi0orAgffuhA","2021:01:06 13:37:55","8.29 s",38.8956,-77.0394,8.29,2021,1,6,13,"https://video.parler.com/hi/0o/hi0orAgffuhA.mp4",TRUE
"meta-hL2yyR9YsFmy.json","hL2yyR9YsFmy","2021:01:06 19:50:17","0:01:01",38.8899,-77.0105,61,2021,1,6,19,"https://video.parler.com/hL/2y/hL2yyR9YsFmy.mp4",TRUE
"meta-HpFLIM31gIU3.json","HpFLIM31gIU3","2021:01:06 19:34:02","0:02:49",38.8896,-77.0103,169,2021,1,6,19,"https://video.parler.com/Hp/FL/HpFLIM31gIU3.mp4",TRUE
"meta-HpQ07PUDmWDk.json","HpQ07PUDmWDk","2021:01:06 22:06:45","0:01:23",38.89,-77.0104,83,2021,1,6,22,"https://video.parler.com/Hp/Q0/HpQ07PUDmWDk.mp4",TRUE
"meta-HS34fpbzqg2b.json","HS34fpbzqg2b","2021:01:06 18:57:49","0:02:21",38.8907,-77.0079,141,2021,1,6,18,"https://video.parler.com/HS/34/HS34fpbzqg2b.mp4",TRUE
"meta-HSEUpO8N6K1f.json","HSEUpO8N6K1f","2021:01:06 21:27:20","0:00:31",38.8902,-77.0106,31,2021,1,6,21,"https://video.parler.com/HS/EU/HSEUpO8N6K1f.mp4",TRUE
"meta-i7PnrbCEXg6R.json","i7PnrbCEXg6R","2021:01:06 22:18:24","0:02:31",38.9017,-77.0362,151,2021,1,6,22,"https://video.parler.com/i7/Pn/i7PnrbCEXg6R.mp4",TRUE
"meta-i7xUeEr5Ysmm.json","i7xUeEr5Ysmm","2021:01:06 17:55:17","16.31 s",38.8912,-77.0132,16.31,2021,1,6,17,"https://video.parler.com/i7/xU/i7xUeEr5Ysmm.mp4",TRUE
"meta-I9VWJlj35vcy.json","I9VWJlj35vcy","2021:01:06 19:03:52","16.57 s",38.8899,-77.0179,16.57,2021,1,6,19,"https://video.parler.com/I9/VW/I9VWJlj35vcy.mp4",TRUE
"meta-iBmtugeXvTOP.json","iBmtugeXvTOP","2021:01:06 16:58:08","0:00:58",38.8912,-77.0363,58,2021,1,6,16,"https://video.parler.com/iB/mt/iBmtugeXvTOP.mp4",TRUE
"meta-IBrEVWHnY1c3.json","IBrEVWHnY1c3","2021:01:06 17:02:14","0:00:49",38.8919,-77.0346,49,2021,1,6,17,"https://video.parler.com/IB/rE/IBrEVWHnY1c3.mp4",TRUE
"meta-IGhJlpaMZ7QE.json","IGhJlpaMZ7QE","2021:01:06 16:48:44","0:01:41",38.8913,-77.0367,101,2021,1,6,16,"https://video.parler.com/IG/hJ/IGhJlpaMZ7QE.mp4",TRUE
"meta-IjCvip4YonXA.json","IjCvip4YonXA","2021:01:06 18:26:08","0:01:10",38.8899,-77.0106,70,2021,1,6,18,"https://video.parler.com/Ij/Cv/IjCvip4YonXA.mp4",TRUE
"meta-IKryGnxGkGMy.json","IKryGnxGkGMy","2021:01:06 19:41:35","3.76 s",38.8902,-77.012,3.76,2021,1,6,19,"https://video.parler.com/IK/ry/IKryGnxGkGMy.mp4",TRUE
"meta-IlhIaEMwpl6i.json","IlhIaEMwpl6i","2021:01:06 18:52:43","0:01:25",38.8896,-77.0105,85,2021,1,6,18,"https://video.parler.com/Il/hI/IlhIaEMwpl6i.mp4",TRUE
"meta-iLT5LyXUlPV9.json","iLT5LyXUlPV9","2021:01:06 19:45:35","0:00:42",38.8895,-77.0104,42,2021,1,6,19,"https://video.parler.com/iL/T5/iLT5LyXUlPV9.mp4",TRUE
"meta-IOqrjPvbQx6s.json","IOqrjPvbQx6s","2021:01:06 19:28:31","18.01 s",38.8897,-77.0103,18.01,2021,1,6,19,"https://video.parler.com/IO/qr/IOqrjPvbQx6s.mp4",TRUE
"meta-IxOOCB3tAJ31.json","IxOOCB3tAJ31","2021:01:06 18:31:57","29.03 s",38.892,-77.035,29.03,2021,1,6,18,"https://video.parler.com/Ix/OO/IxOOCB3tAJ31.mp4",TRUE
"meta-IyVON4loRnvA.json","IyVON4loRnvA","2021:01:06 16:37:30","20.43 s",38.8921,-77.0363,20.43,2021,1,6,16,"https://video.parler.com/Iy/VO/IyVON4loRnvA.mp4",TRUE
"meta-J9U6khb56IEE.json","J9U6khb56IEE","2021:01:06 14:57:48","13.42 s",38.8968,-77.0335,13.42,2021,1,6,14,"https://video.parler.com/J9/U6/J9U6khb56IEE.mp4",TRUE
"meta-JFDVk6DaG1KD.json","JFDVk6DaG1KD","2021:01:06 20:13:52","0:00:33",38.8902,-77.0103,33,2021,1,6,20,"https://video.parler.com/JF/DV/JFDVk6DaG1KD.mp4",TRUE
"meta-JidHZjUPGeIb.json","JidHZjUPGeIb","2021:01:06 20:18:32","0:00:43",38.8824,-76.9945,43,2021,1,6,20,"https://video.parler.com/Ji/dH/JidHZjUPGeIb.mp4",TRUE
"meta-jlY81ya1uxzI.json","jlY81ya1uxzI","2021:01:06 19:30:32","23.96 s",38.8902,-77.0111,23.96,2021,1,6,19,"https://video.parler.com/jl/Y8/jlY81ya1uxzI.mp4",TRUE
"meta-JmnaAbNVz3nl.json","JmnaAbNVz3nl","2021:01:06 19:43:38","10.47 s",38.8909,-77.0096,10.47,2021,1,6,19,"https://video.parler.com/Jm/na/JmnaAbNVz3nl.mp4",TRUE
"meta-JTr7X40BBrhP.json","JTr7X40BBrhP","2021:01:06 20:55:55","0:00:41",38.8897,-77.0104,41,2021,1,6,20,"https://video.parler.com/JT/r7/JTr7X40BBrhP.mp4",TRUE
"meta-JvjJL1ie366a.json","JvjJL1ie366a","2021:01:06 18:13:12","21.69 s",38.8905,-77.0355,21.69,2021,1,6,18,"https://video.parler.com/Jv/jJ/JvjJL1ie366a.mp4",TRUE
"meta-K6iXrKqv7YG2.json","K6iXrKqv7YG2","2021:01:06 23:34:27","0:00:33",38.8962,-77.0321,33,2021,1,6,23,"https://video.parler.com/K6/iX/K6iXrKqv7YG2.mp4",TRUE
"meta-K7kOq8ql1BVw.json","K7kOq8ql1BVw","2021:01:06 19:38:00","0:00:43",38.8901,-77.0123,43,2021,1,6,19,"https://video.parler.com/K7/kO/K7kOq8ql1BVw.mp4",TRUE
"meta-KAu8c8e4lbDG.json","KAu8c8e4lbDG","2021:01:06 19:35:54","0:02:56",38.8896,-77.0104,176,2021,1,6,19,"https://video.parler.com/KA/u8/KAu8c8e4lbDG.mp4",TRUE
"meta-Kef0T1bzWcyp.json","Kef0T1bzWcyp","2021:01:06 12:56:09","23.42 s",38.8917,-77.0364,23.42,2021,1,6,12,"https://video.parler.com/Ke/f0/Kef0T1bzWcyp.mp4",TRUE
"meta-kHIl0dyeUCkt.json","kHIl0dyeUCkt","2021:01:06 18:12:16","29.19 s",38.8919,-77.0364,29.19,2021,1,6,18,"https://video.parler.com/kH/Il/kHIl0dyeUCkt.mp4",TRUE
"meta-kiBnNejo0JW0.json","kiBnNejo0JW0","2021:01:06 21:28:27","0:00:48",38.8899,-77.0099,48,2021,1,6,21,"https://video.parler.com/ki/Bn/kiBnNejo0JW0.mp4",TRUE
"meta-kISkMn20ifwv.json","kISkMn20ifwv","2021:01:06 13:39:52","22.71 s",38.891,-77.0363,22.71,2021,1,6,13,"https://video.parler.com/kI/Sk/kISkMn20ifwv.mp4",TRUE
"meta-Kmm034ViQJyl.json","Kmm034ViQJyl","2021:01:06 19:45:13","10.62 s",38.8898,-77.0106,10.62,2021,1,6,19,"https://video.parler.com/Km/m0/Kmm034ViQJyl.mp4",TRUE
"meta-KMyt1obG9scS.json","KMyt1obG9scS","2021:01:06 19:48:35","13.14 s",38.8911,-77.0093,13.14,2021,1,6,19,"https://video.parler.com/KM/yt/KMyt1obG9scS.mp4",TRUE
"meta-KOZwp3W3n68V.json","KOZwp3W3n68V","2021:01:06 19:59:41","11.40 s",38.89,-77.0097,11.4,2021,1,6,19,"https://video.parler.com/KO/Zw/KOZwp3W3n68V.mp4",TRUE
"meta-KQ0TpQnsiuCS.json","KQ0TpQnsiuCS","2021:01:06 20:40:44","0:00:59",38.8883,-77.0086,59,2021,1,6,20,"https://video.parler.com/KQ/0T/KQ0TpQnsiuCS.mp4",TRUE
"meta-kr6uD1TWjlQv.json","kr6uD1TWjlQv","2021:01:06 18:50:43","0:00:42",38.8901,-77.0103,42,2021,1,6,18,"https://video.parler.com/kr/6u/kr6uD1TWjlQv.mp4",TRUE
"meta-KUWzwIjF44AC.json","KUWzwIjF44AC","2021:01:06 19:01:59","0:00:36",38.8895,-77.0108,36,2021,1,6,19,"https://video.parler.com/KU/Wz/KUWzwIjF44AC.mp4",TRUE
"meta-L581HkTRJuQ1.json","L581HkTRJuQ1","2021:01:06 22:26:50","27.99 s",38.8909,-77.0124,27.99,2021,1,6,22,"https://video.parler.com/L5/81/L581HkTRJuQ1.mp4",TRUE
"meta-Lap0L50xI3S5.json","Lap0L50xI3S5","2021:01:06 18:54:14","0:00:47",38.8904,-77.0104,47,2021,1,6,18,"https://video.parler.com/La/p0/Lap0L50xI3S5.mp4",TRUE
"meta-lbliFG4WqmNj.json","lbliFG4WqmNj","2021:01:06 21:33:04","26.93 s",38.8901,-77.01,26.93,2021,1,6,21,"https://video.parler.com/lb/li/lbliFG4WqmNj.mp4",TRUE
"meta-LD5GrQx0MtsI.json","LD5GrQx0MtsI","2021:01:06 21:16:34","16.13 s",38.8896,-77.0103,16.13,2021,1,6,21,"https://video.parler.com/LD/5G/LD5GrQx0MtsI.mp4",TRUE
"meta-lefVDZuXCGQ6.json","lefVDZuXCGQ6","2021:01:06 18:54:27","0:04:53",38.8886,-77.0097,293,2021,1,6,18,"https://video.parler.com/le/fV/lefVDZuXCGQ6.mp4",TRUE
"meta-lFFk9PXz5bhC.json","lFFk9PXz5bhC","2021:01:06 15:47:59","0:05:36",38.8936,-77.0365,336,2021,1,6,15,"https://video.parler.com/lF/Fk/lFFk9PXz5bhC.mp4",TRUE
"meta-LhPiDTMhUSGL.json","LhPiDTMhUSGL","2021:01:06 21:04:11","0:00:45",38.89,-77.01,45,2021,1,6,21,"https://video.parler.com/Lh/Pi/LhPiDTMhUSGL.mp4",TRUE
"meta-ljl6PXazsbVv.json","ljl6PXazsbVv","2021:01:06 16:57:42","0:00:30",38.8919,-77.0345,30,2021,1,6,16,"https://video.parler.com/lj/l6/ljl6PXazsbVv.mp4",TRUE
"meta-lLoZaH6iGNOT.json","lLoZaH6iGNOT","2021:01:06 14:59:19","0:03:06",38.8921,-77.0373,186,2021,1,6,14,"https://video.parler.com/lL/oZ/lLoZaH6iGNOT.mp4",TRUE
"meta-LR1mPrzxmeQv.json","LR1mPrzxmeQv","2021:01:06 16:49:33","21.43 s",38.8814,-77.0684,21.43,2021,1,6,16,"https://video.parler.com/LR/1m/LR1mPrzxmeQv.mp4",TRUE
"meta-lTQpQNshDHhK.json","lTQpQNshDHhK","2021:01:06 19:58:09","0:03:22",38.8901,-77.0101,202,2021,1,6,19,"https://video.parler.com/lT/Qp/lTQpQNshDHhK.mp4",TRUE
"meta-LuLFx5NpoK10.json","LuLFx5NpoK10","2021:01:06 22:37:11","0:02:53",38.8904,-77.0094,173,2021,1,6,22,"https://video.parler.com/Lu/LF/LuLFx5NpoK10.mp4",TRUE
"meta-lVKkqagkDm91.json","lVKkqagkDm91","2021:01:06 16:34:37","0:00:41",38.8922,-77.0354,41,2021,1,6,16,"https://video.parler.com/lV/Kk/lVKkqagkDm91.mp4",TRUE
"meta-mAeQjkqeA7Up.json","mAeQjkqeA7Up","2021:01:06 21:04:11","0:00:45",38.89,-77.01,45,2021,1,6,21,"https://video.parler.com/mA/eQ/mAeQjkqeA7Up.mp4",TRUE
"meta-MgMiCd8EjrVH.json","MgMiCd8EjrVH","2021:01:06 15:14:59","23.36 s",38.8923,-77.053,23.36,2021,1,6,15,"https://video.parler.com/Mg/Mi/MgMiCd8EjrVH.mp4",TRUE
"meta-MIS1v7mdAmPU.json","MIS1v7mdAmPU","2021:01:06 20:55:08","0:02:21",38.8902,-77.0104,141,2021,1,6,20,"https://video.parler.com/MI/S1/MIS1v7mdAmPU.mp4",TRUE
"meta-mLFVFnRzLjic.json","mLFVFnRzLjic","2021:01:06 19:01:49","8.91 s",38.8912,-77.0151,8.91,2021,1,6,19,"https://video.parler.com/mL/FV/mLFVFnRzLjic.mp4",TRUE
"meta-mnp38uv7p0Tz.json","mnp38uv7p0Tz","2021:01:06 19:09:31","0:07:03",38.8902,-77.0106,423,2021,1,6,19,"https://video.parler.com/mn/p3/mnp38uv7p0Tz.mp4",TRUE
"meta-mRzp24FtvPAz.json","mRzp24FtvPAz","2021:01:06 22:25:27","0:00:41",38.8902,-77.0356,41,2021,1,6,22,"https://video.parler.com/mR/zp/mRzp24FtvPAz.mp4",TRUE
"meta-MTOmhxigqpaF.json","MTOmhxigqpaF","2021:01:06 02:38:46","15.78 s",38.8877,-77.0126,15.78,2021,1,6,2,"https://video.parler.com/MT/Om/MTOmhxigqpaF.mp4",TRUE
"meta-mtR54fIOsU8Y.json","mtR54fIOsU8Y","2021:01:06 06:41:44","0:02:16",38.889,-77.0074,136,2021,1,6,6,"https://video.parler.com/mt/R5/mtR54fIOsU8Y.mp4",TRUE
"meta-MVQm0eNzhPVp.json","MVQm0eNzhPVp","2021:01:06 21:01:10","0:00:43",38.89,-77.0103,43,2021,1,6,21,"https://video.parler.com/MV/Qm/MVQm0eNzhPVp.mp4",TRUE
"meta-mwt1iRwgWYqy.json","mwt1iRwgWYqy","2021:01:06 19:46:04","0:00:30",38.8899,-77.0083,30,2021,1,6,19,"https://video.parler.com/mw/t1/mwt1iRwgWYqy.mp4",TRUE
"meta-mxhCOOkUXgbA.json","mxhCOOkUXgbA","2021:01:06 21:33:07","0:03:03",38.89,-77.0103,183,2021,1,6,21,"https://video.parler.com/mx/hC/mxhCOOkUXgbA.mp4",TRUE
"meta-N1k8H378YLUP.json","N1k8H378YLUP","2021:01:06 14:47:40","5.43 s",38.8923,-77.0337,5.43,2021,1,6,14,"https://video.parler.com/N1/k8/N1k8H378YLUP.mp4",TRUE
"meta-naDQiKfDfv7G.json","naDQiKfDfv7G","2021:01:06 20:12:17","23.99 s",38.8898,-77.0101,23.99,2021,1,6,20,"https://video.parler.com/na/DQ/naDQiKfDfv7G.mp4",TRUE
"meta-nCxt12LdrD9a.json","nCxt12LdrD9a","2021:01:06 22:37:49","16.02 s",38.8904,-77.0116,16.02,2021,1,6,22,"https://video.parler.com/nC/xt/nCxt12LdrD9a.mp4",TRUE
"meta-nf9v20YjxIN6.json","nf9v20YjxIN6","2021:01:06 17:07:48","13.88 s",38.8922,-77.0352,13.88,2021,1,6,17,"https://video.parler.com/nf/9v/nf9v20YjxIN6.mp4",TRUE
"meta-NfQdczPVYzb8.json","NfQdczPVYzb8","2021:01:06 13:16:57","25.92 s",38.8919,-77.0363,25.92,2021,1,6,13,"https://video.parler.com/Nf/Qd/NfQdczPVYzb8.mp4",TRUE
"meta-nH1EL07ukyOE.json","nH1EL07ukyOE","2021:01:06 13:58:33","0:02:01",38.8917,-77.0365,121,2021,1,6,13,"https://video.parler.com/nH/1E/nH1EL07ukyOE.mp4",TRUE
"meta-nHwELP7CxOl0.json","nHwELP7CxOl0","2021:01:06 21:04:11","0:00:45",38.89,-77.01,45,2021,1,6,21,"https://video.parler.com/nH/wE/nHwELP7CxOl0.mp4",TRUE
"meta-NjTHt5oXZv7s.json","NjTHt5oXZv7s","2021:01:06 18:20:47","0:00:43",38.8896,-77.0113,43,2021,1,6,18,"https://video.parler.com/Nj/TH/NjTHt5oXZv7s.mp4",TRUE
"meta-NLbwqxP0yA6f.json","NLbwqxP0yA6f","2021:01:06 16:51:27","0:01:07",38.8909,-77.036,67,2021,1,6,16,"https://video.parler.com/NL/bw/NLbwqxP0yA6f.mp4",TRUE
"meta-ns9EbTf56zJM.json","ns9EbTf56zJM","2021:01:06 19:37:57","17.45 s",38.8899,-77.0106,17.45,2021,1,6,19,"https://video.parler.com/ns/9E/ns9EbTf56zJM.mp4",TRUE
"meta-ntz8J5eFBH6g.json","ntz8J5eFBH6g","2021:01:06 20:31:13","0:01:24",38.8901,-77.0099,84,2021,1,6,20,"https://video.parler.com/nt/z8/ntz8J5eFBH6g.mp4",TRUE
"meta-o6xUbL7Zm7Tf.json","o6xUbL7Zm7Tf","2021:01:06 15:41:52","13.27 s",38.8921,-77.0341,13.27,2021,1,6,15,"https://video.parler.com/o6/xU/o6xUbL7Zm7Tf.mp4",TRUE
"meta-oe78jzaih2Fp.json","oe78jzaih2Fp","2021:01:06 19:38:07","0:02:32",38.8896,-77.0103,152,2021,1,6,19,"https://video.parler.com/oe/78/oe78jzaih2Fp.mp4",TRUE
"meta-OgrPDRox3rYY.json","OgrPDRox3rYY","2021:01:06 19:45:17","19.05 s",38.8911,-77.0103,19.05,2021,1,6,19,"https://video.parler.com/Og/rP/OgrPDRox3rYY.mp4",TRUE
"meta-oINbKytzEefK.json","oINbKytzEefK","2021:01:06 15:47:01","16.91 s",38.8923,-77.0403,16.91,2021,1,6,15,"https://video.parler.com/oI/Nb/oINbKytzEefK.mp4",TRUE
"meta-OmJrVOATOxzU.json","OmJrVOATOxzU","2021:01:06 14:49:03","9.14 s",38.892,-77.0361,9.14,2021,1,6,14,"https://video.parler.com/Om/Jr/OmJrVOATOxzU.mp4",TRUE
"meta-onVXm7gZrnOG.json","onVXm7gZrnOG","2021:01:06 19:47:22","0:01:50",38.8904,-77.0097,110,2021,1,6,19,"https://video.parler.com/on/VX/onVXm7gZrnOG.mp4",TRUE
"meta-oq0jpbCT651M.json","oq0jpbCT651M","2021:01:06 16:41:59","26.68 s",38.8921,-77.0322,26.68,2021,1,6,16,"https://video.parler.com/oq/0j/oq0jpbCT651M.mp4",TRUE
"meta-OqD8bxN4Nnkt.json","OqD8bxN4Nnkt","2021:01:06 22:05:55","0:00:32",38.8897,-77.0104,32,2021,1,6,22,"https://video.parler.com/Oq/D8/OqD8bxN4Nnkt.mp4",TRUE
"meta-oUTz8VjR0TS0.json","oUTz8VjR0TS0","2021:01:06 00:02:39","27.79 s",38.896,-77.031,27.79,2021,1,6,0,"https://video.parler.com/oU/Tz/oUTz8VjR0TS0.mp4",TRUE
"meta-OwqjIgbC5LCD.json","OwqjIgbC5LCD","2021:01:06 17:01:34","0:00:33",38.8921,-77.0348,33,2021,1,6,17,"https://video.parler.com/Ow/qj/OwqjIgbC5LCD.mp4",TRUE
"meta-OYfUeXTfX88D.json","OYfUeXTfX88D","2021:01:06 00:45:46","9.46 s",38.8958,-77.0312,9.46,2021,1,6,0,"https://video.parler.com/OY/fU/OYfUeXTfX88D.mp4",TRUE
"meta-pF7XCEbbEFZa.json","pF7XCEbbEFZa","2021:01:06 18:35:53","0:00:30",38.8901,-77.0105,30,2021,1,6,18,"https://video.parler.com/pF/7X/pF7XCEbbEFZa.mp4",TRUE
"meta-PhBg4kuTHVLi.json","PhBg4kuTHVLi","2021:01:06 15:18:47","0:00:35",38.8908,-77.0369,35,2021,1,6,15,"https://video.parler.com/Ph/Bg/PhBg4kuTHVLi.mp4",TRUE
"meta-PI503wb3YSoh.json","PI503wb3YSoh","2021:01:06 19:34:52","0:01:55",38.8898,-77.013,115,2021,1,6,19,"https://video.parler.com/PI/50/PI503wb3YSoh.mp4",TRUE
"meta-pPqRA75aYGRj.json","pPqRA75aYGRj","2021:01:06 17:27:07","17.93 s",38.8922,-77.0262,17.93,2021,1,6,17,"https://video.parler.com/pP/qR/pPqRA75aYGRj.mp4",TRUE
"meta-pQf5uxtLtxH5.json","pQf5uxtLtxH5","2021:01:06 19:47:30","0:01:47",38.8899,-77.0098,107,2021,1,6,19,"https://video.parler.com/pQ/f5/pQf5uxtLtxH5.mp4",TRUE
"meta-PwoSeJkaPd5b.json","PwoSeJkaPd5b","2021:01:06 19:08:39","11.77 s",38.8901,-77.0102,11.77,2021,1,6,19,"https://video.parler.com/Pw/oS/PwoSeJkaPd5b.mp4",TRUE
"meta-PxBfJc8LQNOq.json","PxBfJc8LQNOq","2021:01:06 21:50:18","0:00:47",38.8902,-77.0105,47,2021,1,6,21,"https://video.parler.com/Px/Bf/PxBfJc8LQNOq.mp4",TRUE
"meta-Q6DY9FC1N3Rp.json","Q6DY9FC1N3Rp","2021:01:06 18:36:37","0:00:54",38.8896,-77.0109,54,2021,1,6,18,"https://video.parler.com/Q6/DY/Q6DY9FC1N3Rp.mp4",TRUE
"meta-Q7J24BNG2mCD.json","Q7J24BNG2mCD","2021:01:06 20:10:22","25.39 s",38.8899,-77.0103,25.39,2021,1,6,20,"https://video.parler.com/Q7/J2/Q7J24BNG2mCD.mp4",TRUE
"meta-Qef9FWcq57B2.json","Qef9FWcq57B2","2021:01:06 18:58:06","0:00:47",38.8899,-77.0108,47,2021,1,6,18,"https://video.parler.com/Qe/f9/Qef9FWcq57B2.mp4",TRUE
"meta-QgPXUnbdhx3q.json","QgPXUnbdhx3q","2021:01:06 18:59:09","0:00:34",38.8912,-77.0097,34,2021,1,6,18,"https://video.parler.com/Qg/PX/QgPXUnbdhx3q.mp4",TRUE
"meta-qGwtu6qUHfjy.json","qGwtu6qUHfjy","2021:01:06 19:41:01","10.61 s",38.8901,-77.0104,10.61,2021,1,6,19,"https://video.parler.com/qG/wt/qGwtu6qUHfjy.mp4",TRUE
"meta-QhHQcvLey9wa.json","QhHQcvLey9wa","2021:01:06 18:19:23","0:00:57",38.89,-77.0103,57,2021,1,6,18,"https://video.parler.com/Qh/HQ/QhHQcvLey9wa.mp4",TRUE
"meta-QjlS1mXfbokU.json","QjlS1mXfbokU","2021:01:06 18:54:22","7.24 s",38.8901,-77.0103,7.24,2021,1,6,18,"https://video.parler.com/Qj/lS/QjlS1mXfbokU.mp4",TRUE
"meta-qk0SCeACvdk7.json","qk0SCeACvdk7","2021:01:06 18:20:18","0:00:53",38.892,-77.0171,53,2021,1,6,18,"https://video.parler.com/qk/0S/qk0SCeACvdk7.mp4",TRUE
"meta-QNPHAGgOFQAp.json","QNPHAGgOFQAp","2021:01:06 19:49:08","0:04:33",38.8904,-77.0108,273,2021,1,6,19,"https://video.parler.com/QN/PH/QNPHAGgOFQAp.mp4",TRUE
"meta-Qo3hom0Qb1at.json","Qo3hom0Qb1at","2021:01:06 18:59:05","0:00:34",38.8907,-77.0083,34,2021,1,6,18,"https://video.parler.com/Qo/3h/Qo3hom0Qb1at.mp4",TRUE
"meta-qP56A9uC1Nzf.json","qP56A9uC1Nzf","2021:01:06 18:23:20","23.64 s",38.8792,-77.0108,23.64,2021,1,6,18,"https://video.parler.com/qP/56/qP56A9uC1Nzf.mp4",TRUE
"meta-QPVWWBfaGylL.json","QPVWWBfaGylL","2021:01:06 19:45:01","11.21 s",38.8898,-77.0111,11.21,2021,1,6,19,"https://video.parler.com/QP/VW/QPVWWBfaGylL.mp4",TRUE
"meta-qqB0N0VrBJt2.json","qqB0N0VrBJt2","2021:01:06 20:25:43","18.83 s",38.8897,-77.0115,18.83,2021,1,6,20,"https://video.parler.com/qq/B0/qqB0N0VrBJt2.mp4",TRUE
"meta-QrSz0Vfcz3kt.json","QrSz0Vfcz3kt","2021:01:06 13:39:09","0:02:42",38.8915,-77.0364,162,2021,1,6,13,"https://video.parler.com/Qr/Sz/QrSz0Vfcz3kt.mp4",TRUE
"meta-QsKjvIGPfWKU.json","QsKjvIGPfWKU","2021:01:06 19:53:53","6.49 s",38.8896,-77.0098,6.49,2021,1,6,19,"https://video.parler.com/Qs/Kj/QsKjvIGPfWKU.mp4",TRUE
"meta-QuamW4hp4JQw.json","QuamW4hp4JQw","2021:01:06 19:52:24","0:05:16",38.89,-77.0101,316,2021,1,6,19,"https://video.parler.com/Qu/am/QuamW4hp4JQw.mp4",TRUE
"meta-qVsqMakVxGNP.json","qVsqMakVxGNP","2021:01:06 13:38:23","0:00:31",38.892,-77.024,31,2021,1,6,13,"https://video.parler.com/qV/sq/qVsqMakVxGNP.mp4",TRUE
"meta-QxqgND9HYqZb.json","QxqgND9HYqZb","2021:01:06 19:29:52","24.00 s",38.8904,-77.011,24,2021,1,6,19,"https://video.parler.com/Qx/qg/QxqgND9HYqZb.mp4",TRUE
"meta-qZ4Z9PXxNQ0S.json","qZ4Z9PXxNQ0S","2021:01:06 22:44:16","25.60 s",38.8915,-77.0335,25.6,2021,1,6,22,"https://video.parler.com/qZ/4Z/qZ4Z9PXxNQ0S.mp4",TRUE
"meta-r7CBzBlbDAI1.json","r7CBzBlbDAI1","2021:01:06 19:29:52","24.00 s",38.8904,-77.011,24,2021,1,6,19,"https://video.parler.com/r7/CB/r7CBzBlbDAI1.mp4",TRUE
"meta-RBaqoUEvZ7bX.json","RBaqoUEvZ7bX","2021:01:06 16:59:17","0:00:44",38.8917,-77.0369,44,2021,1,6,16,"https://video.parler.com/RB/aq/RBaqoUEvZ7bX.mp4",TRUE
"meta-Rc6DVzsHCQh8.json","Rc6DVzsHCQh8","2021:01:06 23:05:08","20.18 s",38.8898,-77.0074,20.18,2021,1,6,23,"https://video.parler.com/Rc/6D/Rc6DVzsHCQh8.mp4",TRUE
"meta-reu60mHQDzBX.json","reu60mHQDzBX","2021:01:06 19:06:19","0:01:47",38.8913,-77.0083,107,2021,1,6,19,"https://video.parler.com/re/u6/reu60mHQDzBX.mp4",TRUE
"meta-REUyWy1tXI22.json","REUyWy1tXI22","2021:01:06 20:26:46","0:01:38",38.8916,-77.0102,98,2021,1,6,20,"https://video.parler.com/RE/Uy/REUyWy1tXI22.mp4",TRUE
"meta-rKv1m3cDVn8K.json","rKv1m3cDVn8K","2021:01:06 20:19:46","0:00:43",38.8901,-77.0102,43,2021,1,6,20,"https://video.parler.com/rK/v1/rKv1m3cDVn8K.mp4",TRUE
"meta-rkxKI1heDXZb.json","rkxKI1heDXZb","2021:01:06 18:38:30","13.66 s",38.892,-77.0334,13.66,2021,1,6,18,"https://video.parler.com/rk/xK/rkxKI1heDXZb.mp4",TRUE
"meta-rmPZ2rvZSLkM.json","rmPZ2rvZSLkM","2021:01:06 23:34:27","0:00:33",38.8962,-77.0321,33,2021,1,6,23,"https://video.parler.com/rm/PZ/rmPZ2rvZSLkM.mp4",TRUE
"meta-ROFyGFcodhj2.json","ROFyGFcodhj2","2021:01:06 15:56:55","0:04:09",38.8912,-77.0342,249,2021,1,6,15,"https://video.parler.com/RO/Fy/ROFyGFcodhj2.mp4",TRUE
"meta-Rp3qrB15ypiE.json","Rp3qrB15ypiE","2021:01:06 20:34:29","0:01:16",38.8899,-77.0101,76,2021,1,6,20,"https://video.parler.com/Rp/3q/Rp3qrB15ypiE.mp4",TRUE
"meta-RpS3ATCnUMRu.json","RpS3ATCnUMRu","2021:01:06 16:01:34","27.26 s",38.8922,-77.0349,27.26,2021,1,6,16,"https://video.parler.com/Rp/S3/RpS3ATCnUMRu.mp4",TRUE
"meta-S3xTtPUyKMam.json","S3xTtPUyKMam","2021:01:06 19:52:15","0:00:40",38.8905,-77.0094,40,2021,1,6,19,"https://video.parler.com/S3/xT/S3xTtPUyKMam.mp4",TRUE
"meta-seke9fBiFTyF.json","seke9fBiFTyF","2021:01:06 19:45:08","27.43 s",38.8897,-77.0105,27.43,2021,1,6,19,"https://video.parler.com/se/ke/seke9fBiFTyF.mp4",TRUE
"meta-SHGsCPYkkOFj.json","SHGsCPYkkOFj","2021:01:06 20:31:29","22.28 s",38.8897,-77.0102,22.28,2021,1,6,20,"https://video.parler.com/SH/Gs/SHGsCPYkkOFj.mp4",TRUE
"meta-SINnkDbJKVVy.json","SINnkDbJKVVy","2021:01:06 20:41:34","0:01:43",38.8914,-77.0058,103,2021,1,6,20,"https://video.parler.com/SI/Nn/SINnkDbJKVVy.mp4",TRUE
"meta-SjPt47R3IMWH.json","SjPt47R3IMWH","2021:01:06 16:51:49","12.18 s",38.8917,-77.0367,12.18,2021,1,6,16,"https://video.parler.com/Sj/Pt/SjPt47R3IMWH.mp4",TRUE
"meta-skJlzyllttT3.json","skJlzyllttT3","2021:01:06 15:29:55","16.25 s",38.8912,-77.0373,16.25,2021,1,6,15,"https://video.parler.com/sk/Jl/skJlzyllttT3.mp4",TRUE
"meta-sqSMP875Jkmb.json","sqSMP875Jkmb","2021:01:06 18:45:02","13.45 s",38.8899,-77.0104,13.45,2021,1,6,18,"https://video.parler.com/sq/SM/sqSMP875Jkmb.mp4",TRUE
"meta-stnyLSVNIG37.json","stnyLSVNIG37","2021:01:06 21:33:04","26.93 s",38.8901,-77.01,26.93,2021,1,6,21,"https://video.parler.com/st/ny/stnyLSVNIG37.mp4",TRUE
"meta-sUCLs52fT3CW.json","sUCLs52fT3CW","2021:01:06 15:47:57","0:02:04",38.8884,-77.0405,124,2021,1,6,15,"https://video.parler.com/sU/CL/sUCLs52fT3CW.mp4",TRUE
"meta-t4l1G51olUAh.json","t4l1G51olUAh","2021:01:06 20:56:50","7.34 s",38.8895,-77.0103,7.34,2021,1,6,20,"https://video.parler.com/t4/l1/t4l1G51olUAh.mp4",TRUE
"meta-T6crwRF3b40U.json","T6crwRF3b40U","2021:01:06 18:21:48","0:00:32",38.89,-77.0116,32,2021,1,6,18,"https://video.parler.com/T6/cr/T6crwRF3b40U.mp4",TRUE
"meta-TdAjv2eDi3Ep.json","TdAjv2eDi3Ep","2021:01:06 18:26:54","11.30 s",38.891,-77.0127,11.3,2021,1,6,18,"https://video.parler.com/Td/Aj/TdAjv2eDi3Ep.mp4",TRUE
"meta-tfjhpJnZ8uOu.json","tfjhpJnZ8uOu","2021:01:06 18:29:08","0:00:52",38.8907,-77.012,52,2021,1,6,18,"https://video.parler.com/tf/jh/tfjhpJnZ8uOu.mp4",TRUE
"meta-tIvvSQeMO2zH.json","tIvvSQeMO2zH","2021:01:06 16:58:05","0:00:35",38.8919,-77.0363,35,2021,1,6,16,"https://video.parler.com/tI/vv/tIvvSQeMO2zH.mp4",TRUE
"meta-TK5675UzIa2n.json","TK5675UzIa2n","2021:01:06 18:18:48","14.12 s",38.8902,-77.0327,14.12,2021,1,6,18,"https://video.parler.com/TK/56/TK5675UzIa2n.mp4",TRUE
"meta-TOEhY6KrDYU3.json","TOEhY6KrDYU3","2021:01:06 19:08:18","20.43 s",38.8899,-77.011,20.43,2021,1,6,19,"https://video.parler.com/TO/Eh/TOEhY6KrDYU3.mp4",TRUE
"meta-tXIzFNM5yp9f.json","tXIzFNM5yp9f","2021:01:06 19:39:52","0:00:32",38.8898,-77.008,32,2021,1,6,19,"https://video.parler.com/tX/Iz/tXIzFNM5yp9f.mp4",TRUE
"meta-TXMlp22HyR7c.json","TXMlp22HyR7c","2021:01:06 19:34:35","0:00:45",38.8901,-77.0116,45,2021,1,6,19,"https://video.parler.com/TX/Ml/TXMlp22HyR7c.mp4",TRUE
"meta-TZLDaTO3EbLU.json","TZLDaTO3EbLU","2021:01:06 03:33:58","11.04 s",38.8987,-77.0268,11.04,2021,1,6,3,"https://video.parler.com/TZ/LD/TZLDaTO3EbLU.mp4",TRUE
"meta-U7VsTu7M14LE.json","U7VsTu7M14LE","2021:01:06 19:23:59","0:00:54",38.8907,-77.0123,54,2021,1,6,19,"https://video.parler.com/U7/Vs/U7VsTu7M14LE.mp4",TRUE
"meta-uAKQeDMoSL0c.json","uAKQeDMoSL0c","2021:01:06 20:22:15","0:00:35",38.8899,-77.0071,35,2021,1,6,20,"https://video.parler.com/uA/KQ/uAKQeDMoSL0c.mp4",TRUE
"meta-UC7nTJ2ha9WM.json","UC7nTJ2ha9WM","2021:01:06 18:27:50","0:01:07",38.8898,-77.0102,67,2021,1,6,18,"https://video.parler.com/UC/7n/UC7nTJ2ha9WM.mp4",TRUE
"meta-udvpnvQ3x4To.json","udvpnvQ3x4To","2021:01:06 23:07:05","0:00:36",38.8897,-77.01,36,2021,1,6,23,"https://video.parler.com/ud/vp/udvpnvQ3x4To.mp4",TRUE
"meta-uJnCqo00NHIl.json","uJnCqo00NHIl","2021:01:06 16:51:28","0:01:04",38.8909,-77.0317,64,2021,1,6,16,"https://video.parler.com/uJ/nC/uJnCqo00NHIl.mp4",TRUE
"meta-UOkSuERIMvZT.json","UOkSuERIMvZT","2021:01:06 18:44:20","0:00:43",38.8907,-77.0121,43,2021,1,6,18,"https://video.parler.com/UO/kS/UOkSuERIMvZT.mp4",TRUE
"meta-UPriYin65X3Z.json","UPriYin65X3Z","2021:01:06 14:44:53","9.80 s",38.891,-77.0361,9.8,2021,1,6,14,"https://video.parler.com/UP/ri/UPriYin65X3Z.mp4",TRUE
"meta-v3L3Z8dRzSnu.json","v3L3Z8dRzSnu","2021:01:06 20:05:34","0:00:57",38.8862,-77.0101,57,2021,1,6,20,"https://video.parler.com/v3/L3/v3L3Z8dRzSnu.mp4",TRUE
"meta-v86cAAcKaAx7.json","v86cAAcKaAx7","2021:01:06 20:10:29","16.01 s",38.8893,-77.0107,16.01,2021,1,6,20,"https://video.parler.com/v8/6c/v86cAAcKaAx7.mp4",TRUE
"meta-VBc81C9bHigX.json","VBc81C9bHigX","2021:01:06 13:40:38","0:00:31",38.891,-77.0363,31,2021,1,6,13,"https://video.parler.com/VB/c8/VBc81C9bHigX.mp4",TRUE
"meta-Vfb7RDCU9APR.json","Vfb7RDCU9APR","2021:01:06 17:29:06","0:00:48",38.8912,-77.0341,48,2021,1,6,17,"https://video.parler.com/Vf/b7/Vfb7RDCU9APR.mp4",TRUE
"meta-VkFHYXJdaOHA.json","VkFHYXJdaOHA","2021:01:06 15:47:01","16.91 s",38.8923,-77.0403,16.91,2021,1,6,15,"https://video.parler.com/Vk/FH/VkFHYXJdaOHA.mp4",TRUE
"meta-vSIv4wwvoemh.json","vSIv4wwvoemh","2021:01:06 18:42:09","10.23 s",38.8919,-77.0299,10.23,2021,1,6,18,"https://video.parler.com/vS/Iv/vSIv4wwvoemh.mp4",TRUE
"meta-VVtO7erqIcAG.json","VVtO7erqIcAG","2021:01:06 19:46:57","0:00:32",38.8895,-77.0105,32,2021,1,6,19,"https://video.parler.com/VV/tO/VVtO7erqIcAG.mp4",TRUE
"meta-vwn5xmDvxfqV.json","vwn5xmDvxfqV","2021:01:06 20:50:07","27.19 s",38.8897,-77.0102,27.19,2021,1,6,20,"https://video.parler.com/vw/n5/vwn5xmDvxfqV.mp4",TRUE
"meta-VYDYrP2y5GPi.json","VYDYrP2y5GPi","2021:01:06 11:50:53","17.88 s",38.8885,-77.0335,17.88,2021,1,6,11,"https://video.parler.com/VY/DY/VYDYrP2y5GPi.mp4",TRUE
"meta-W9d9UvLeBYFu.json","W9d9UvLeBYFu","2021:01:06 21:33:04","26.93 s",38.8901,-77.01,26.93,2021,1,6,21,"https://video.parler.com/W9/d9/W9d9UvLeBYFu.mp4",TRUE
"meta-WaNexB6Lznsq.json","WaNexB6Lznsq","2021:01:06 18:48:59","0:00:48",38.8895,-77.0108,48,2021,1,6,18,"https://video.parler.com/Wa/Ne/WaNexB6Lznsq.mp4",TRUE
"meta-wCbOT5Lhqo7n.json","wCbOT5Lhqo7n","2021:01:06 18:19:23","0:00:57",38.89,-77.0103,57,2021,1,6,18,"https://video.parler.com/wC/bO/wCbOT5Lhqo7n.mp4",TRUE
"meta-wItTIbLfoXBY.json","wItTIbLfoXBY","2021:01:06 16:14:33","0:00:33",38.8936,-77.0366,33,2021,1,6,16,"https://video.parler.com/wI/tT/wItTIbLfoXBY.mp4",TRUE
"meta-Wm6o3hXiTzPa.json","Wm6o3hXiTzPa","2021:01:06 18:31:24","0:00:42",38.8922,-77.0302,42,2021,1,6,18,"https://video.parler.com/Wm/6o/Wm6o3hXiTzPa.mp4",TRUE
"meta-WOR0K16Wbi2I.json","WOR0K16Wbi2I","2021:01:06 21:14:56","25.72 s",38.8899,-77.0081,25.72,2021,1,6,21,"https://video.parler.com/WO/R0/WOR0K16Wbi2I.mp4",TRUE
"meta-wQZ0XA36Xpih.json","wQZ0XA36Xpih","2021:01:06 17:00:17","13.15 s",38.8916,-77.0359,13.15,2021,1,6,17,"https://video.parler.com/wQ/Z0/wQZ0XA36Xpih.mp4",TRUE
"meta-wsRe9EYoao7V.json","wsRe9EYoao7V","2021:01:06 19:38:37","28.06 s",38.8899,-77.0084,28.06,2021,1,6,19,"https://video.parler.com/ws/Re/wsRe9EYoao7V.mp4",TRUE
"meta-WXkILSGX6H82.json","WXkILSGX6H82","2021:01:06 18:29:01","9.74 s",38.8938,-77.023,9.74,2021,1,6,18,"https://video.parler.com/WX/kI/WXkILSGX6H82.mp4",TRUE
"meta-WYkjlMj5VqBl.json","WYkjlMj5VqBl","2021:01:06 19:30:47","3.20 s",38.8904,-77.0117,3.2,2021,1,6,19,"https://video.parler.com/WY/kj/WYkjlMj5VqBl.mp4",TRUE
"meta-x8vmLFDDM1IM.json","x8vmLFDDM1IM","2021:01:06 19:49:45","0:00:37",38.8889,-77.0115,37,2021,1,6,19,"https://video.parler.com/x8/vm/x8vmLFDDM1IM.mp4",TRUE
"meta-X9301RyNxl2u.json","X9301RyNxl2u","2021:01:06 19:41:31","12.37 s",38.8904,-77.0103,12.37,2021,1,6,19,"https://video.parler.com/X9/30/X9301RyNxl2u.mp4",TRUE
"meta-x9k3Cy14CSkF.json","x9k3Cy14CSkF","2021:01:06 20:54:50","0:00:47",38.8897,-77.01,47,2021,1,6,20,"https://video.parler.com/x9/k3/x9k3Cy14CSkF.mp4",TRUE
"meta-XN72wrdt4gqJ.json","XN72wrdt4gqJ","2021:01:06 20:02:28","0:01:08",38.8907,-77.0142,68,2021,1,6,20,"https://video.parler.com/XN/72/XN72wrdt4gqJ.mp4",TRUE
"meta-XNw9fkLnbCLz.json","XNw9fkLnbCLz","2021:01:06 17:07:51","5.74 s",38.8922,-77.0349,5.74,2021,1,6,17,"https://video.parler.com/XN/w9/XNw9fkLnbCLz.mp4",TRUE
"meta-xOGr2U6ve8W1.json","xOGr2U6ve8W1","2021:01:06 15:19:55","27.36 s",38.8913,-77.0337,27.36,2021,1,6,15,"https://video.parler.com/xO/Gr/xOGr2U6ve8W1.mp4",TRUE
"meta-xQzHp0aizbvU.json","xQzHp0aizbvU","2021:01:06 19:53:13","0:01:36",38.8902,-77.0104,96,2021,1,6,19,"https://video.parler.com/xQ/zH/xQzHp0aizbvU.mp4",TRUE
"meta-xt00juDlyV9n.json","xt00juDlyV9n","2021:01:06 19:13:29","0:01:53",38.8902,-77.012,113,2021,1,6,19,"https://video.parler.com/xt/00/xt00juDlyV9n.mp4",TRUE
"meta-y3ZnJwouF005.json","y3ZnJwouF005","2021:01:06 16:57:57","23.73 s",38.8917,-77.0368,23.73,2021,1,6,16,"https://video.parler.com/y3/Zn/y3ZnJwouF005.mp4",TRUE
"meta-yGh7nMgJB7m2.json","yGh7nMgJB7m2","2021:01:06 22:12:40","23.45 s",38.8893,-77.0137,23.45,2021,1,6,22,"https://video.parler.com/yG/h7/yGh7nMgJB7m2.mp4",TRUE
"meta-Yl9407p2WPZh.json","Yl9407p2WPZh","2021:01:06 19:29:52","24.00 s",38.8904,-77.011,24,2021,1,6,19,"https://video.parler.com/Yl/94/Yl9407p2WPZh.mp4",TRUE
"meta-yN6bjJ3ztpBm.json","yN6bjJ3ztpBm","2021:01:06 20:01:50","0:00:59",38.8896,-77.0108,59,2021,1,6,20,"https://video.parler.com/yN/6b/yN6bjJ3ztpBm.mp4",TRUE
"meta-yNE8dnxhV87u.json","yNE8dnxhV87u","2021:01:06 22:08:09","0:00:52",38.8894,-77.0107,52,2021,1,6,22,"https://video.parler.com/yN/E8/yNE8dnxhV87u.mp4",TRUE
"meta-yPG52agghF1w.json","yPG52agghF1w","2021:01:06 17:55:40","23.42 s",38.89,-77.0333,23.42,2021,1,6,17,"https://video.parler.com/yP/G5/yPG52agghF1w.mp4",TRUE
"meta-z1Dd4eQWsblX.json","z1Dd4eQWsblX","2021:01:06 14:14:34","0:00:45",38.8917,-77.0365,45,2021,1,6,14,"https://video.parler.com/z1/Dd/z1Dd4eQWsblX.mp4",TRUE
"meta-Zalcz8BiXAeX.json","Zalcz8BiXAeX","2021:01:06 18:04:06","13.88 s",38.8922,-77.025,13.88,2021,1,6,18,"https://video.parler.com/Za/lc/Zalcz8BiXAeX.mp4",TRUE
"meta-zBLIrh4Yl7XH.json","zBLIrh4Yl7XH","2021:01:06 18:00:11","0:00:43",38.8905,-77.0118,43,2021,1,6,18,"https://video.parler.com/zB/LI/zBLIrh4Yl7XH.mp4",TRUE
"meta-ZhHAD9NO8kHg.json","ZhHAD9NO8kHg","2021:01:06 20:11:14","0:00:32",38.8898,-77.0101,32,2021,1,6,20,"https://video.parler.com/Zh/HA/ZhHAD9NO8kHg.mp4",TRUE
"meta-ZHPkLzKWK2Bs.json","ZHPkLzKWK2Bs","2021:01:06 13:29:03","20.27 s",38.8934,-77.0335,20.27,2021,1,6,13,"https://video.parler.com/ZH/Pk/ZHPkLzKWK2Bs.mp4",TRUE
"meta-ZHX7ZrxgXRUH.json","ZHX7ZrxgXRUH","2021:01:06 22:55:36","0:01:28",38.8915,-77.0362,88,2021,1,6,22,"https://video.parler.com/ZH/X7/ZHX7ZrxgXRUH.mp4",TRUE
"meta-ZLCE4QPPz3kW.json","ZLCE4QPPz3kW","2021:01:06 22:26:04","0:00:52",38.8899,-77.0103,52,2021,1,6,22,"https://video.parler.com/ZL/CE/ZLCE4QPPz3kW.mp4",TRUE
"meta-ZlcEDu06k1O9.json","ZlcEDu06k1O9","2021:01:06 16:19:30","18.53 s",38.8913,-77.0374,18.53,2021,1,6,16,"https://video.parler.com/Zl/cE/ZlcEDu06k1O9.mp4",TRUE
"meta-znHqCskR67k6.json","znHqCskR67k6","2021:01:06 16:36:02","0:00:44",38.8916,-77.0342,44,2021,1,6,16,"https://video.parler.com/zn/Hq/znHqCskR67k6.mp4",TRUE
"meta-zq269gxmbYsI.json","zq269gxmbYsI","2021:01:06 16:24:44","0:00:39",38.8913,-77.0359,39,2021,1,6,16,"https://video.parler.com/zq/26/zq269gxmbYsI.mp4",TRUE
"meta-zvhAF87Dreod.json","zvhAF87Dreod","2021:01:06 12:38:55","0:01:04",38.8959,-77.0302,64,2021,1,6,12,"https://video.parler.com/zv/hA/zvhAF87Dreod.mp4",TRUE
"meta-zXAmZwiG3yfA.json","zXAmZwiG3yfA","2021:01:06 15:45:52","0:01:42",38.8919,-77.0372,102,2021,1,6,15,"https://video.parler.com/zX/Am/zXAmZwiG3yfA.mp4",TRUE
